label	question	lang	valid	fixed_label	reason
ENTY:veh	What is the weight of an empty tractor-trailer?	en	False	NUM:weight	The question asks for the weight of an empty tractor-trailer, which is a numeric value (weight), not an entity. The correct classification should be NUM:weight.
LOC:mount	What country has Snowdon?	en	False	LOC:other	The question asks for the country that has Snowdon, which is a mountain. The correct answer would be a country, making the secondary label 'mount' incorrect. The correct secondary label should be 'other' as it refers to a location that is not a specific country but associated with a mountain.
HUM:title	What is a Admiral?	en	False	HUM:title	The question 'What is a Admiral?' is asking for a definition of the term 'Admiral,' which is a title. The correct classification should be HUM:title as the answer would be a description of the title itself, not the person holding it.
LOC:mount	What is the tallest peak in the Dolomites?	en	True	LOC:mount	The question asks for the tallest peak in the Dolomites, which is a specific location (mountain). The answer would be a mountain name, which falls under the LOC:mount secondary label.
LOC:city	What is Moscow?	en	False	DESC:desc	The question 'What is Moscow?' is asking for a description of Moscow, which is a city. The expected answer would be a description of the city, not just its location. Therefore, the correct label should be DESC:desc.
ENTY:symbol	What is the £ symbol used for?	en	False	DESC:def	The question asks about the purpose of the £ symbol, which is related to its meaning or definition, not its classification as a symbol. The correct label should be DESC:def.
DESC:manner	What is the way to write a letter?	en	True	DESC:manner	The question 'What is the way to write a letter?' is asking about the manner of writing a letter, which falls under the 'manner' secondary label in the DESC main category.
DESC:def	How is a preposition used?	en	True	DESC:def	The question 'How is a preposition used?' is asking for a definition of how prepositions are used, which falls under the 'def' (definition) secondary label in the DESC (Description) main category.
NUM:dist	How far is Sydney from Melbourne?	en	True	NUM:dist	The question 'How far is Sydney from Melbourne?' is asking for a distance between two locations, which corresponds to the answer type 'dist' under the NUM main label.
HUM:ind	What are Arnold Palmers fans called	en	False	HUM:gr	The question asks for the name of the group of people who are fans of Arnold Palmer, which is a group name, not an individual. Therefore, the correct label should be HUM:gr (group/org) instead of HUM:ind (individual).
LOC:state	How are provinces?	en	False	DESC:desc	The question 'How are provinces?' is asking about the description or characteristics of provinces, which falls under the 'DESC' main label. The secondary label should be 'desc' (description), not 'state'.
ABBR:exp	What does ROU stand for?	en	True	ABBR:exp	The question asks for the expansion of 'ROU', which is an abbreviation. The answer would be the full form of the abbreviation, making 'ABBR:exp' the correct label.
ENTY:color	What color is coral?	en	True	ENTY:color	The question 'What color is coral?' is asking for the color of coral, which is an attribute of an entity (coral). The answer would be a specific color, such as 'pink' or 'white', making the correct classification ENTY:color.
LOC:mount	Where is Mount Popocatépetl?	en	True	LOC:mount	The question 'Where is Mount Popocatépetl?' is asking for the location of a mountain, which falls under the LOC:mount category.
HUM:ind	What Democratic prankster waved the train out of the station while Richard Nixon spoke from the caboose	en	False	HUM:ind	The question is asking for a person who performed a specific action (waving the train out of the station while Nixon spoke from the caboose). The answer is a person, so the label should be HUM:ind. However, the question's phrasing implies a specific historical or cultural reference which may require a more specific secondary label, such as 'title' if it refers to a known figure or nickname. However, without further context, 'ind' remains the most appropriate secondary label.
HUM:ind	What is a historian?	en	False	DESC:def	The question 'What is a historian?' is asking for a definition of the term 'historian', which is a description rather than identifying a specific individual. The correct label should be DESC:def.
ENTY:cremat	How are remains scattered?	en	False	DESC:manner	The question 'How are remains scattered?' is asking about the manner in which remains are dispersed, which falls under the 'manner of action' category. This should be classified under the 'DESC' main label with the 'manner' secondary label.
LOC:state	Kosovo is a province of what country	en	True	LOC:state	The question asks for the country that Kosovo is a province of, which is a location (country). The proposed label LOC:state is accurate as the answer will be the name of a country, which is a 'state' in the taxonomy.
LOC:country	How are republics?	en	False	DESC:desc	The question 'How are republics?' is asking for a description or explanation of what republics are, which falls under the 'DESC' main label with the 'desc' secondary label, not 'LOC:country'.
ENTY:sport	What are the rules of golf?	en	False	DESC:description	The question asks about the rules of golf, which are not an entity but rather a description of the game's procedures. The correct label should be DESC:description.
ENTY:symbol	What is the percent sign symbol?	en	False	ENTY:symbol	The question asks for the 'percent sign symbol', which is a symbol, not a percentage. The correct label should be ENTY:symbol.
NUM:count	How many miles of corridors are in The Pentagon	en	True	NUM:count	The question asks for the number of miles of corridors in The Pentagon, which is a numeric count of a measurable quantity.
HUM:title	What is the oldest profession	en	False	DESC:desc	The question 'What is the oldest profession?' is asking for a description of a profession, not a title. The answer would be a description rather than a specific title of a person.
ABBR:abb	What is the acronym for Local Area Network?	en	True	ABBR:abb	The question asks for the acronym of 'Local Area Network', which is a specific abbreviation. The answer would be 'LAN', which fits the 'abb' secondary label under the 'ABBR' main label.
NUM:ord	What is the sixth book in the series?	en	True	NUM:ord	The question asks for the sixth book in the series, which is an ordinal number (6th). The proposed label NUM:ord correctly represents the expected answer type.
ENTY:animal	What is a baby turkey called	en	True	ENTY:animal	The question asks for the name of a baby turkey, which is an entity (specific animal). The answer would be 'chick,' which falls under the 'animal' secondary label in the ENTY category.
ABBR:exp	CPU means what in full form?	en	True	ABBR:exp	The question asks for the full form of 'CPU', which is an abbreviation. The answer will be an expression abbreviated, so the label ABBR:exp is correct.
NUM:temp	At what temperature does aluminum melt?	en	True	NUM:temp	The question asks for the melting temperature of aluminum, which is a temperature measurement. The proposed label 'NUM:temp' accurately represents the expected answer type.
HUM:gr	How is a consortium formed?	en	False	DESC:desc	The question 'How is a consortium formed?' is asking for a description or explanation of the process, not a classification of a group or organization. The correct label should be DESC:desc.
DESC:manner	How do colonists inhabit?	en	False	DESC:manner	The question 'How do colonists inhabit?' is asking about the method or way in which colonists live, which relates to the 'manner of action' category. However, the proposed label 'DESC:manner' is not valid as 'manner' is a secondary label under DESC, but the main label should be DESC. The correct label is DESC:manner.
LOC:city	What makes a zone a city?	en	False	DESC:def	The question 'What makes a zone a city?' is asking for a description or definition of the criteria that define a city, which falls under the 'DESC:def' category, not 'LOC:city'.
NUM:speed	How fast does a bullet travel?	en	True	NUM:speed	The question 'How fast does a bullet travel?' is asking for the speed of a bullet, which is a measure of speed. The answer would be a numerical value representing speed, such as 'approximately 762 meters per second'. Therefore, the label NUM:speed is correct.
ENTY:event	What are the rites accompanying the circumcision of a newly born-child in Judaism called	en	True	ENTY:event	The question asks for the name of a specific ritual practice in Judaism, which is an event. The answer would be the name of the event, such as 'brit milah' or 'brit' which falls under the ENTY:event category.
NUM:period	How old is Britney Spears	en	False	HUM:ind	The question 'How old is Britney Spears?' is asking for a person's age, which is a numeric value representing a duration of time (age). The correct label should be NUM:period, but the proposed label is already NUM:period. However, the question is more accurately classified under HUM:ind (individual) since the answer refers to a person, not a numeric value in isolation.
DESC:manner	How did Lee Harvey Oswald purchase his rifle	en	False	DESC:manner	The question asks about the method or process by which Lee Harvey Oswald purchased his rifle, which relates to the 'manner of action' rather than the 'description' of an event. The correct label should be DESC:manner.
ENTY:body	What is the endocrine system?	en	False	DESC:def	The question asks for the definition of the endocrine system, which is a description of a system, not a specific entity. The correct label should be DESC:def.
ENTY:currency	What is the rupee?	en	True	ENTY:currency	The question 'What is the rupee?' is asking for the definition of the rupee, which is a currency. The answer would be a description of the rupee as a currency, making 'ENTY:currency' the correct classification.
ENTY:body	How many chambers does the human kidney have?	en	False	NUM:count	The question asks about the number of chambers in the human kidney, which is a numeric value. The correct classification should be NUM:count, not ENTY:body.
ABBR:abb	What does NATO countries include?	en	False	ENTY:other	The question asks for the list of countries that are part of NATO, which requires identifying specific entities (countries), not an abbreviation. The correct label should be ENTY:other.
NUM:other	What are the unemployment statistics for the years 1965 and 1990	en	False	NUM:count	The question asks for unemployment statistics, which are numerical data representing counts or percentages. This falls under the NUM:count category, not NUM:other.
ENTY:animal	What is the proper name for a female walrus	en	True	ENTY:animal	The answer to the question 'What is the proper name for a female walrus?' is a specific term related to an animal, which falls under the ENTY:animal category.
LOC:water	What is the Panama Canal?	en	False	DESC:desc	The question 'What is the Panama Canal?' is asking for a description of the Panama Canal, which is a man-made waterway, not a natural body of water. Therefore, the correct classification should be DESC:desc, not LOC:water.
ENTY:word	What is the longest English word	en	True	ENTY:word	The question asks for the longest English word, which is an entity (a specific word). The answer would be a specific word, so the label ENTY:word is correct.
DESC:manner	What is the method for tie a knot?	en	True	DESC:manner	The question 'What is the method for tying a knot?' is asking for the manner in which a knot is tied, which corresponds to the 'manner' secondary label under the 'DESC' main label.
NUM:code	What is the octal code for carriage return?	en	True	NUM:code	The question asks for the octal code for carriage return, which is a numeric code (postcodes/phone). The answer would be a numeric value representing the code, making NUM:code the correct label.
ENTY:cremat	What is the name of Kevin Costners movie about Sioux Indians	en	False	ENTY:product	The question asks for the name of a movie, which is a 'creation' (cremat), but the answer to the question would be the title of the movie, which is a specific entity (a product or work). The correct label should be ENTY:product.
ENTY:cremat	What is cemetery?	en	False	DESC:def	The question 'What is cemetery?' is asking for a definition of the term 'cemetery,' which falls under the 'DESC:def' category, not 'ENTY:cremat.'
ENTY:event	What happened during the 2008 financial crisis?	en	False	DESC:desc	The question asks for events that occurred during the 2008 financial crisis, which is a description of the crisis rather than a specific event. The correct label should be 'DESC:desc' as the answer would be a description of what happened.
NUM:count	What is the number of sports?	en	True	NUM:count	The question asks for the number of sports, which is a count of items, matching the NUM:count label.
ENTY:cremat	Name a novel written by John Steinbeck	en	True	ENTY:cremat	The question asks for the name of a novel written by John Steinbeck, which is a 'creations' (cremat) entity.
NUM:date	When did the royal wedding of Prince Andrew and Fergie take place	en	True	NUM:date	The question asks for the date of the royal wedding, which is a date-related fact. The answer would be a specific date, making the label NUM:date correct.
ABBR:abb	What does SMTP stand for?	en	True	ABBR:abb	The question asks for the full form of SMTP, which is an abbreviation. The answer would be a definition, which aligns with the ABBR:abb label.
NUM:code	Why do ISBN numbers for books contain check digits?	en	False	DESC:reason	The question is asking for the reason behind the inclusion of check digits in ISBN numbers, which is not a numeric value or code-related fact. The correct classification should be DESC:reason.
ABBR:exp	FAQ means what?	en	True	ABBR:exp	The question 'FAQ means what?' is asking for the expansion of the abbreviation 'FAQ', which falls under the 'exp' (expression abbreviated) secondary label of the 'ABBR' main label.
DESC:reason	What causes drainage?	en	True	DESC:reason	The question 'What causes drainage?' is asking for the reasons behind drainage, which falls under the 'reason' secondary label within the 'DESC' main label.
ABBR:abb	What is the meaning of JSON?	en	False	DESC:def	The question asks for the meaning of JSON, which requires a definition, not an abbreviation. The correct label should be DESC:def.
ENTY:body	How many muscles exist?	en	False	NUM:count	The question 'How many muscles exist?' is asking for a count, which is a numeric value, not an entity. The correct classification should be NUM:count.
ENTY:color	How do safety colors work?	en	False	DESC:reason	The question 'How do safety colors work?' is asking about the function or mechanism of safety colors, not the identification or description of a specific color. The correct classification should be DESC:reason, as the answer would explain the reasons behind the use of safety colors.
ABBR:exp	What does CUW represent?	en	True	ABBR:exp	The question asks for the meaning of the abbreviation 'CUW', which is an expression abbreviated. The answer would be a definition or explanation of the abbreviation, aligning with the 'exp' secondary label under 'ABBR'.
ENTY:symbol	what was the symbol used by the nazis	en	True	ENTY:symbol	The question asks for the symbol used by the Nazis, which is an entity (a specific symbol). The answer would be the swastika, which falls under the 'symbol' secondary label of the 'ENTY' main label.
ENTY:food	What is cheese made from?	en	False	DESC:desc	The question 'What is cheese made from?' is asking for the ingredients or components of cheese, which relates to a description rather than an entity. The correct label should be DESC:desc.
LOC:country	Which country has the most water pollution	en	False	LOC:other	The question asks for the country with the most water pollution, which is a description of a country's condition rather than a direct reference to a specific country. The correct label should be LOC:other, as it refers to a general category of location rather than a specific country.
LOC:landmass	What is an atoll?	en	False	DESC:def	The question 'What is an atoll?' is asking for a definition of an atoll, which is a type of geographic formation. The correct classification should be DESC:def, not LOC:landmass.
NUM:volsize	How large is the Arctic Ocean?	en	True	NUM:volsize	The question 'How large is the Arctic Ocean?' is asking for the size of the Arctic Ocean, which is a volume/size measurement. The proposed label NUM:volsize accurately represents this expected answer type.
ENTY:body	What is the ear?	en	False	DESC:desc	The question 'What is the ear?' is asking for a description of the ear, which is a body part. The correct classification should be ENTY:body, but the answer to the question is a description, not an entity. The secondary label should be 'body' under ENTY, but the question is asking for a description, not an entity itself.
HUM:gr	What is a employers?	en	False	HUM:gr	The question 'What is a employers?' is asking for a definition of 'employers,' which is a group or organization, not a specific group or organization. The correct secondary label should be 'gr' for group, but the phrasing of the question suggests a definition rather than a classification of a group. The main label 'HUM' is correct, but the secondary label should be 'gr' for group.
ENTY:food	What is tilapia?	en	True	ENTY:food	The question 'What is tilapia?' is asking for a definition of tilapia, which is a type of fish. The answer would be a description of tilapia, which falls under the ENTY:food category.
ENTY:food	Where does cereal come from?	en	False	LOC:other	The question 'Where does cereal come from?' is asking for the origin of cereal, which is a location. The correct classification should be LOC:other, not ENTY:food.
HUM:desc	Describe a typical nurse	en	True	HUM:desc	The question 'Describe a typical nurse' asks for a description of a person (a nurse), which aligns with the HUM:desc label.
DESC:reason	Why do nerves transmit?	en	True	DESC:reason	The question 'Why do nerves transmit?' is asking for the reason behind an action, which aligns with the 'reason' secondary label under the 'DESC' main label.
DESC:desc	What is the weather like on the moon	en	False	DESC:desc	The question 'What is the weather like on the moon' is asking for a description of the weather conditions on the moon, which is a descriptive (desc) type. However, the moon does not have a traditional weather system like Earth. The expected answer would be a description of the lunar environment (e.g., temperature, presence of dust, etc.), which still falls under the 'desc' secondary label. The original label is correct but the answer might be interpreted as more of a description of the environment rather than a standard 'weather' description. However, based on the taxonomy, 'DESC:desc' is the most accurate label.
ABBR:exp	FBI stands for what exactly?	en	True	ABBR:exp	The question asks for the full expansion of the abbreviation 'FBI', which falls under the 'expression abbreviated' category (exp) in the ABBR secondary label.
LOC:water	What ocean surrounds the Maldive Islands	en	True	LOC:water	The question asks about the ocean surrounding the Maldive Islands, which is a body of water. The answer would be 'Indian Ocean', which falls under the LOC:water category.
NUM:dist	How tall is kilamanjaro	en	True	NUM:dist	The question 'How tall is Kilimanjaro?' is asking for the height of Kilimanjaro, which is a distance/height measurement. The answer would be a numeric value representing the height, such as '5,895 meters'. This correctly maps to the label NUM:dist.ENTY:instru	What is a drill used for?	en	False	DESC:reason	The question 'What is a drill used for?' is asking for a description of the purpose of a drill, which falls under the DESC category, not ENTY:instru.
ENTY:instru	How many strings does a harp have?	en	False	NUM:count	The question asks for a count of strings on a harp, which is a numeric value, not an entity. The correct classification should be NUM:count.
ABBR:exp	What does LBY stand for?	en	True	ABBR:exp	The question asks for the expansion of an abbreviation, which aligns with the 'exp' secondary label under 'ABBR'.
ENTY:color	What color is crimson?	en	False	ENTY:desc	The question 'What color is crimson?' is asking for a description of the color 'crimson', which falls under the 'desc' secondary label within the 'ENTY' main label. The correct classification should be ENTY:desc.
ENTY:food	How are seeds cultivated?	en	False	DESC:manner	The question 'How are seeds cultivated?' is asking for a method or process, which falls under the 'DESC:manner' category, not 'ENTY:food'.
ENTY:word	Name the 5 words that use all of the letters in the alphabet, except Q, with no repeats	en	False	ENTY:word	The question is asking for a list of words, which is not directly about an entity but rather about a linguistic concept. The correct classification should be 'ENTY:word' as the answer is a list of words, but the question is more about a specific linguistic property, not an entity.
ENTY:product	What product did Robert Conrad dare people to knock off his shoulder	en	False	ENTY:product	The question asks for a specific product, which aligns with the ENTY:product category. However, the question also implies a specific event or context (daring people to knock off his shoulder), which may suggest a more specific secondary label. The answer is likely a specific product, so the label is valid.
NUM:money	How much money does each player get at the beginning of the game in Monopoly	en	True	NUM:money	The question asks for the amount of money each player receives at the beginning of the game in Monopoly, which is a numeric value representing money.
ABBR:exp	What does MDV expand to?	en	True	ABBR:exp	The question asks for the expansion of an abbreviation, which falls under the 'exp' secondary label of the 'ABBR' main label.
DESC:reason	What causes lava flows?	en	True	DESC:reason	The question 'What causes lava flows?' is asking for the reason behind lava flows, which falls under the 'reason' secondary label of the 'DESC' main label.
ENTY:letter	What is a script?	en	False	DESC:desc	The question 'What is a script?' is asking for a description of a concept, which falls under the 'DESC' main label, not 'ENTY'. The secondary label 'letter' is also incorrect for this context.
ENTY:techmeth	How does microservices architecture work?	en	False	DESC:desc	The question asks about the working mechanism of microservices architecture, which requires a description rather than an entity. The correct label should be DESC:desc.
ENTY:symbol	what signs are there in the horoscope	en	False	ENTY:symbol	The question asks about signs in the horoscope, which are related to zodiac symbols. The correct secondary label should be 'symbol' under ENTY, but the main label 'ENTY' is correct. The answer would be a list of zodiac symbols.
ENTY:word	What does effervescent mean?	en	False	DESC:desc	The question asks for the meaning of the word 'effervescent', which requires a description rather than an entity. The correct label should be DESC:desc.
ENTY:product	What household products are there for adult acne	en	True	ENTY:product	The question asks for types of household products, which falls under the 'product' secondary label in the ENTY main category.
ENTY:product	What is a microwave?	en	False	ENTY:product	The question 'What is a microwave?' is asking for a description of a microwave, which is a product. The correct classification should be ENTY:product.
ENTY:animal	What makes resource defense important?	en	False	DESC:reason	The question 'What makes resource defense important?' is asking for a description or explanation of the significance of resource defense, which does not align with the ENTY:animal label. The correct label would be DESC:reason.
ENTY:food	How is milk processed?	en	False	DESC:manner	The question 'How is milk processed?' is asking for a description of the process, which falls under the 'DESC' category, not 'ENTY:food'.
NUM:period	What is the typical duration of a medical appointment?	en	True	NUM:period	The question asks for the duration of a medical appointment, which is a period of time, so the label NUM:period is correct.
ENTY:techmeth	How does GPS tracking work?	en	False	DESC:manner	The question 'How does GPS tracking work?' is asking for a description of a process, which should be classified under 'DESC:manner' rather than 'ENTY:techmeth'.
ENTY:instru	How do you use a compass?	en	False	DESC:manner	The question 'How do you use a compass?' is asking for a description of the process, which falls under the 'DESC' category, not 'ENTY:instru'.
DESC:reason	Why do eyes blink?	en	True	DESC:reason	The question 'Why do eyes blink?' is asking for the reason behind a phenomenon, which aligns with the 'reason' secondary label under the 'DESC' main label.
NUM:period	What is the average lifespan of a turtle?	en	False	NUM:period	The question asks for the average lifespan of a turtle, which is a numeric value representing a duration (time span), so the correct label should be NUM:period.
DESC:desc	How are tastes described gustatorily?	en	True	DESC:desc	The question 'How are tastes described gustatorily?' is asking for a description of how tastes are described, which aligns with the 'DESC:desc' label.
ABBR:abb	What is meant by USB?	en	False	DESC:def	The question 'What is meant by USB?' is asking for a description of the term USB, which falls under the DESC category, not ABBR:abb.
NUM:period	Shea and Gould had an office in Los Angeles for how long before closing it	en	True	NUM:period	The question asks for the duration of time Shea and Gould had an office in Los Angeles, which corresponds to the 'period' numeric answer type.
LOC:country	Where is New Zealand?	en	True	LOC:country	The question 'Where is New Zealand?' asks for the location of a country, which is correctly classified under LOC:country.
ABBR:exp	What does CHE expand to?	en	True	ABBR:exp	The question asks for the expansion of an abbreviation, which corresponds to the 'exp' secondary label under the 'ABBR' main label.
NUM:count	What is the number of provinces of Argentina?	en	True	NUM:count	The question asks for the number of provinces in Argentina, which is a numeric count.
NUM:perc	What percentage of the worlds fresh water is frozen?	en	True	NUM:perc	The question asks for a percentage, which corresponds to the NUM:perc secondary label.
ENTY:other	What are the wolverine habits	en	False	ENTY:animal	The question 'What are the wolverine habits?' is asking about the behavior or characteristics of a wolverine, which is an animal. The correct classification should be ENTY:animal.
ENTY:event	What was the Olympics?	en	False	ENTY:event	The question 'What was the Olympics?' is asking for a description of the Olympics, which is an event. The correct classification should be ENTY:event.
NUM:money	How much does a book cost?	en	True	NUM:money	The question 'How much does a book cost?' is asking for a monetary value, which corresponds to the NUM:money label.
ENTY:letter	What is the pronunciation of the letter G in English?	en	False	DESC:manner	The question asks for the pronunciation of the letter 'G', which is a description of how the letter is pronounced, not the letter itself. The correct label should be DESC:manner.
ENTY:techmeth	What handicraft requires you to interlace your warp and weft	en	False	DESC:manner	The question asks about a specific type of handicraft that involves interlacing warp and weft, which is a technique related to textile arts. The correct answer type is a description of a method or technique, which falls under the 'DESC' category with the secondary label 'manner'.
ENTY:termeq	What is a synonym for automobile?	en	True	ENTY:termeq	The question asks for a synonym for 'automobile', which is a synonym/term equivalence (termeq) type of entity.
ABBR:exp	What does e.g. stand for	en	True	ABBR:exp	The question 'What does e.g. stand for?' is correctly categorized under ABBR:exp, as it asks for the expansion of the abbreviation 'e.g.'.
DESC:def	What is a conjunction?	en	True	DESC:def	The question 'What is a conjunction?' is asking for a definition, which aligns with the 'DESC:def' label.
NUM:volsize	What is the volume of a teaspoon?	en	True	NUM:volsize	The question asks for the volume of a teaspoon, which is a measurement of volume. The correct label is NUM:volsize.
ENTY:color	What color is a tomato?	en	True	ENTY:color	The question 'What color is a tomato?' is correctly categorized under ENTY:color as it asks for the color of a tomato, which is an entity attribute.
ENTY:food	What is broccoli made from?	en	False	DESC:desc	The question 'What is broccoli made from?' is seeking a description of the components or ingredients of broccoli, which falls under the 'DESC' category, not 'ENTY:food'.
LOC:country	What is the capital of Kenya?	en	False	LOC:city	The question asks for the capital of Kenya, which is a location (city), not a country. The correct label should be LOC:city.
ENTY:animal	How do animals use touch?	en	False	DESC:manner	The question 'How do animals use touch?' is asking about the method or manner in which animals use touch, which falls under the 'manner' category of the DESC secondary label.
ENTY:veh	What is a excavator used for?	en	False	DESC:manner	The question asks about the use of an excavator, which is a function or purpose, not an entity. The correct classification should be DESC:manner.
ENTY:product	What do you use a scissors for?	en	False	DESC:manner	The question asks for the purpose or function of scissors, which relates to their description or usage, not an entity. The correct classification should be DESC:manner.
ENTY:veh	What is the fuel efficiency of a Prius in highway conditions?	en	False	NUM:other	The question asks for fuel efficiency, which is a numeric value, not related to vehicle entity.
ENTY:animal	What is a reindeer?	en	True	ENTY:animal	The question 'What is a reindeer?' is asking for a description of an entity, specifically an animal. The answer would be a description of reindeer, which falls under ENTY:animal.
NUM:money	How much does a house cost?	en	True	NUM:money	The question 'How much does a house cost?' asks for a numeric value representing cost, which falls under the NUM:money category.
DESC:desc	What identifies personal characteristics?	en	True	DESC:desc	The question 'What identifies personal characteristics?' is asking for a description of what defines personal characteristics, which aligns with the 'DESC:desc' label.
ENTY:techmeth	What is canary deployment?	en	False	DESC:def	The question 'What is canary deployment?' is asking for a description of a concept, which falls under the 'DESC' main label with the 'def' secondary label. The proposed label 'ENTY:techmeth' is incorrect.
LOC:landmass	List all the continents	en	True	LOC:landmass	The question asks for a list of continents, which are geographic landmasses. The label LOC:landmass accurately reflects the expected answer type.
DESC:reason	Why are eggs supposed to be stored small end down	en	True	DESC:reason	The question asks for the reason behind a specific storage method for eggs, which falls under the 'reason' secondary label under the 'DESC' main label.
LOC:other	What arch can you see from the Place de la Concorde	en	False	ENTY:other	The question is asking about a specific arch (a physical structure) visible from a location (Place de la Concorde). The answer would be an entity (a specific structure), not a location. The correct classification should be ENTY:other.
ENTY:body	What is the function of the bladder?	en	False	ENTY:body	The question asks about the function of the bladder, which relates to the description of a body part's role, not the entity itself. The correct label should be ENTY:body for the entity (bladder) and DESC:reason for the function.
DESC:manner	In what way do surveyors measure?	en	True	DESC:manner	The question 'In what way do surveyors measure?' is asking for the manner in which surveyors measure, which corresponds to the secondary label 'manner' under the main label 'DESC'.
ENTY:food	What is pie made from?	en	False	DESC:desc	The question 'What is pie made from?' is asking for the ingredients of pie, which is a description rather than an entity. The correct label should be DESC:desc.
ENTY:event	What happened on January 15, 1969	en	False	ENTY:event	The question asks for events that occurred on a specific date, which falls under the 'event' secondary label of the ENTY main label. However, the proposed label 'ENTY:event' is correct. The answer would be an event, so the label is valid.
ENTY:food	What is cocoa?	en	True	ENTY:food	The question 'What is cocoa?' is asking for a description of cocoa, which is a food item. Therefore, the correct label is ENTY:food.
LOC:other	Where was the first restaurant	en	False	LOC:city	The question 'Where was the first restaurant' is asking for a location, but the secondary label 'other' is too generic. A more specific secondary label like 'city' or 'country' would be appropriate depending on the context.
NUM:code	What does error code E429 mean in web?	en	True	NUM:code	The question asks about the meaning of an error code, which falls under the NUM:code category.
ENTY:lang	Where is Norwegian spoken?	en	False	LOC:other	The question 'Where is Norwegian spoken?' is asking for a location where a language is spoken, which should be categorized under LOC:other, not ENTY:lang.
DESC:def	What is anaphora?	en	True	DESC:def	The question 'What is anaphora?' is asking for a definition of a term, which aligns with the 'DESC:def' label.
ENTY:veh	How many horsepower does a Tesla Model S Plaid have?	en	False	NUM:other	The question asks for a numeric value (horsepower) which is a measure of power, not related to vehicle (veh) as the secondary label. The correct label should be NUM:other.
ENTY:cremat	What is mausoleum?	en	False	DESC:desc	The question 'What is mausoleum?' is asking for a description of a mausoleum, which is a type of structure. The correct label should be DESC:desc.
NUM:count	What is the population of Japan?	en	False	NUM:count	The question asks for the population of Japan, which is a numeric value representing a count. However, the correct secondary label for this question should be 'count' under the NUM main label. The proposed label is already correct.
HUM:ind	Whats the nickname of oddsmaker Jimmy Snyder	en	False	HUM:desc	The question asks for a nickname, which is a description rather than an identification of a person. The correct label should be HUM:desc.
ENTY:event	What was the tragedy that struck the city of Dogtown in 1899	en	True	ENTY:event	The question asks about a specific event (a tragedy) that occurred in a city (Dogtown) in a specific year (1899). The answer would be an event, which falls under the ENTY main label with the secondary label 'event'.
NUM:other	What is the size of the internet?	en	False	NUM:volsize	The question asks for the size of the internet, which is a measure of volume or scale, so the correct secondary label should be 'volsize'.
ENTY:food	Where does pizza come from?	en	False	LOC:other	The question 'Where does pizza come from?' is asking for the origin of pizza, which is a location. The correct classification should be LOC:other, not ENTY:food.
NUM:weight	What is the weight of a grand piano?	en	True	NUM:weight	The question 'What is the weight of a grand piano?' is asking for a numeric value representing weight, which matches the 'NUM:weight' label.
NUM:speed	What is the speed of a typical bullet train?	en	True	NUM:speed	The question asks for the speed of a bullet train, which is a numeric value related to speed.
LOC:water	What connects to the Yangtze River?	en	False	ENTY:other	The question asks about what connects to the Yangtze River, which is a location (a river), but the answer type is not about the river itself or its properties. The correct label should be ENTY:other as the answer would refer to entities connected to the river (e.g., cities, tributaries, etc.).
NUM:money	What is the cost of a movie ticket?	en	True	NUM:money	The question asks for the cost of a movie ticket, which is a monetary value, so the label NUM:money is correct.
ENTY:techmeth	What is infrastructure as code?	en	False	DESC:def	The question 'What is infrastructure as code?' is asking for a description of a concept, which falls under the 'DESC' category, not 'ENTY:techmeth'.
ENTY:food	What is the recipe or formula for Coca-Cola	en	False	ENTY:product	The question asks for the recipe or formula for Coca-Cola, which is not an entity but rather a specific type of information (recipe or formula). The correct classification should be ENTY:product or possibly DESC:desc.
DESC:reason	Why is eclipses happen?	en	False	DESC:reason	The question 'Why is eclipses happen?' is asking for the cause or reason behind eclipses, which falls under the 'reason' secondary label within the 'DESC' main label. However, the proposed label 'DESC:reason' is correct, so it is actually valid.
NUM:dist	How far is Earth and Moon?	en	True	NUM:dist	The question 'How far is Earth and Moon?' is asking for a distance, which corresponds to the NUM:dist label.
ENTY:dismed	What chemicals are used in lethal injection	en	False	ENTY:substance	The question asks about chemicals used in lethal injection, which is related to substances rather than medical disorders. The correct secondary label should be 'substance'.
LOC:country	What country in Latin America is the largest one	en	True	LOC:country	The question asks for the country in Latin America that is the largest, which is a location (country) query.
LOC:state	How are states delineated?	en	False	DESC:manner	The question 'How are states delineated?' is asking about the method or process of defining states, which falls under the 'manner' secondary label within the 'DESC' main label.
NUM:code	What is the hexadecimal code for symbol @?	en	True	NUM:code	The question asks for a hexadecimal code, which falls under the NUM:code secondary label.
ENTY:animal	What kind of dog is Scooby Doo	en	True	ENTY:animal	The question asks for the type of dog Scooby Doo is, which is an entity (specifically an animal).
ENTY:product	What computer operating system is on the most computers	en	True	ENTY:product	The question asks about a computer operating system, which is a type of product. The answer would be an entity (product).
ENTY:plant	What is a lettuce?	en	True	ENTY:plant	The question 'What is a lettuce?' is asking for a description of a lettuce, which is a plant. The correct classification is ENTY:plant.
ENTY:termeq	What is an antonym for good?	en	False	ENTY:word	The question asks for an antonym of 'good', which is a word, not an entity. The correct label should be ENTY:word.
DESC:def	What is propylene glycol	en	True	DESC:def	The question 'What is propylene glycol' is asking for a definition, which falls under the 'DESC:def' category.
ENTY:symbol	How is the - symbol used?	en	False	ENTY:desc	The question asks about the usage of the symbol, which relates to its description rather than its classification as a symbol. The correct label should be ENTY:desc.
HUM:ind	What cigar-chewing comedian observed You re only as old as the woman you feel	en	False	HUM:desc	The question is not asking for a specific person or individual but is attempting to identify a person based on a characteristic (cigar-chewing comedian). The correct label would be HUM:desc.
NUM:count	About how many Americans are still unaccounted for from the Vietnam war	en	True	NUM:count	The question asks for a count of people, which corresponds to the NUM:count label.
HUM:gr	What is a Gen X?	en	False	DESC:desc	The question 'What is a Gen X?' is asking for a description of a generation, which falls under the 'DESC' main label. The correct secondary label is 'desc'.
ENTY:animal	What was Paul Bunyans oxs name	en	False	ENTY:animal	The question asks for the name of Paul Bunyan's ox, which is an entity (a specific animal). The correct secondary label should be 'animal'.
ENTY:body	What is the integumentary system?	en	True	ENTY:body	The question asks for the definition of the integumentary system, which is a body system. The answer would be an entity related to the body, so the classification ENTY:body is correct.
DESC:reason	What causes defaults?	en	True	DESC:reason	The question 'What causes defaults?' is correctly categorized under DESC:reason, as it asks for the reason behind a phenomenon.
LOC:water	What connects to the Great Salt Lake?	en	False	LOC:desc	The question 'What connects to the Great Salt Lake?' is asking about the connections or features related to the Great Salt Lake, which is a body of water. The correct label should be LOC:water, but the proposed label is already LOC:water. However, the question is more about the connections or features of the lake, which might imply a description or a relationship rather than a direct location. Thus, the answer type might be better categorized as DESC:desc.
DESC:def	What is fibromyalgia	en	True	DESC:def	The question 'What is fibromyalgia?' is asking for a definition, which matches the 'DESC:def' label.
DESC:reason	What is the reason we need sleep?	en	True	DESC:reason	The question asks for the reason behind needing sleep, which aligns with the 'reason' secondary label under the 'DESC' main label.
NUM:perc	What percentage of the population is vegan?	en	True	NUM:perc	The question asks for a percentage, which corresponds to the NUM:perc secondary label.
ENTY:body	How many male reproductive organs?	en	False	NUM:count	The question is asking for a count of male reproductive organs, which is a numeric value, not an entity. The correct classification should be NUM:count.
ENTY:body	What is the immune system?	en	True	ENTY:body	The question 'What is the immune system?' is asking for a description of the immune system, which is a biological entity. The answer would be a description of the immune system, so the label ENTY:body is correct.
NUM:perc	What percentage of the human genome is unique to each person?	en	True	NUM:perc	The question asks for a percentage, which corresponds to the NUM:perc secondary label.
ENTY:body	What are nerve endings?	en	False	DESC:desc	The question 'What are nerve endings?' is asking for a description of a concept, which should be classified under the DESC label, not ENTY:body.
ABBR:abb	What does A11y mean?	en	True	ABBR:abb	The question asks for the meaning of 'A11y', which is an abbreviation. The correct classification is ABBR:abb.
ENTY:animal	How do animals use regeneration?	en	False	DESC:manner	The question asks about the mechanism or process by which animals use regeneration, which relates to a description rather than an entity. The correct label should be DESC:manner.
LOC:country	What country is Kosovo a part of	en	True	LOC:country	The question asks for the country that Kosovo is a part of, which corresponds to the LOC:country label.
LOC:landmass	Name all the continents	en	True	LOC:landmass	The question asks for the names of continents, which are geographic landmasses. The label LOC:landmass correctly categorizes this question.
DESC:def	How does cohesion function?	en	True	DESC:def	The question 'How does cohesion function?' is asking for a definition of how cohesion functions, which falls under the 'def' secondary label of the 'DESC' main label.
ABBR:exp	Expand the acronym EPA	en	True	ABBR:exp	The question 'Expand the acronym EPA' is correctly categorized under ABBR:exp, as it asks for the expansion of an acronym.
ENTY:word	What is the plural of criterion?	en	True	ENTY:word	The question asks for the plural of 'criterion', which is an English word. The correct classification is ENTY:word.
ENTY:religion	How many Agnostics are there?	en	False	NUM:count	The question asks for a count of people (number), which corresponds to the NUM:count category, not ENTY:religion.
ENTY:color	What is Batesian mimicry?	en	False	DESC:def	The question 'What is Batesian mimicry?' is asking for a description or definition of a concept, which falls under the DESC category, not ENTY:color.
ENTY:lang	How many people speak German?	en	False	NUM:count	The question asks for a count of people who speak a language, which is a numeric value, not an entity. The correct classification should be NUM:count.
LOC:state	What is the capital of Kentucky?	en	False	ENTY:city	The question asks for the capital of Kentucky, which is an entity (a city), not a location (state). The correct main label should be ENTY, and the secondary label should be city.
ENTY:veh	What is a rental car?	en	False	ENTY:veh	The question 'What is a rental car?' is asking for a description of a rental car, which is a type of vehicle. The correct classification should be ENTY:veh.
ENTY:word	What is the plural of gulf	en	True	ENTY:word	The question asks for the plural form of 'gulf', which is a word, so the label ENTY:word is correct.
LOC:mount	How high is Mount McKinley?	en	True	LOC:mount	The question 'How high is Mount McKinley?' is asking for a measurement (height) of a mountain, which falls under the LOC:mount secondary label.
ABBR:abb	What is meant by WiFi?	en	False	DESC:desc	The question 'What is meant by WiFi?' is asking for a definition, which falls under the 'desc' secondary label of the 'DESC' main label, not 'ABBR:abb'.
LOC:water	What connects to the Caribbean Sea?	en	False	LOC:other	The question asks about what connects to the Caribbean Sea, which is a location (LOC). However, the secondary label 'water' is not appropriate for this context. The correct secondary label would be 'other' as it refers to a general connection or relation to the sea.
ENTY:color	How are colors represented in light?	en	False	DESC:desc	The question asks about how colors are represented in light, which relates to the description of color rather than the color itself. The correct classification should be DESC:desc.
NUM:period	What is the average lifespan of a goldfish?	en	False	NUM:period	The question asks for the average lifespan of a goldfish, which is a numeric value (count or period). The correct label is NUM:period.
LOC:landmass	Where is Greenland?	en	True	LOC:landmass	The question 'Where is Greenland?' is asking for the location of a landmass, which correctly maps to the label LOC:landmass.
ENTY:cremat	What is a caisson?	en	False	DESC:desc	The question 'What is a caisson?' is asking for a definition, which should be classified under DESC:desc, not ENTY:cremat.
ENTY:food	Where does cake come from?	en	False	LOC:other	The question 'Where does cake come from?' is asking for the origin of cake, which is a location. The correct label should be LOC:other, not ENTY:food.
DESC:def	How is a sentence structured?	en	True	DESC:def	The question 'How is a sentence structured?' is asking for a definition of sentence structure, which aligns with the DESC:def label.
HUM:ind	What was Michelangelos last name	en	True	HUM:ind	The question asks for Michelangelo's last name, which is a human (HUM) identifier (ind).
LOC:country	Tell me about Argentina	en	False	DESC:desc	The question 'Tell me about Argentina' is asking for a description of a country, which falls under the 'DESC' category, not 'LOC:country'.
